[
  {
    "fecha": "2019-08-20 15:38:43", 
    "sensor": "DS18B20", 
    "unidades": "Centigrados", 
    "valor": 100, 
    "variable": "Temperatura"
  }, 
  {
    "fecha": "2019-08-20 15:40:56", 
    "sensor": "DS18B20", 
    "unidades": "Centigrados", 
    "valor": 98, 
    "variable": "Temperatura"
  }, 
  {
    "fecha": "2019-08-20 15:41:16", 
    "sensor": "DS18B20", 
    "unidades": "Centigrados", 
    "valor": 101, 
    "variable": "Temperatura"
  }, 
  {
    "fecha": "2019-08-20 15:43:18", 
    "sensor": "DS18B20", 
    "unidades": "Centigrados", 
    "valor": 101, 
    "variable": "Temperatura"
  }, 
  {
    "fecha": "2019-08-20 15:46:16", 
    "sensor": "DS18B20", 
    "unidades": "Centigrados", 
    "valor": 98, 
    "variable": "Temperatura"
  }, 
  {
    "fecha": "2019-08-20 15:50:20", 
    "sensor": "DS18B20", 
    "unidades": "Centigrados", 
    "valor": 98, 
    "variable": "Temperatura"
  }, 
  {
    "fecha": "2019-08-20 16:01:16", 
    "sensor": "DS18B20", 
    "unidades": "Centigrados", 
    "valor": 99, 
    "variable": "Temperatura"
  }, 
  {
    "fecha": "2019-08-20 16:03:18", 
    "sensor": "DS18B20", 
    "unidades": "Centigrados", 
    "valor": 97, 
    "variable": "Temperatura"
  }, 
  {
    "fecha": "2019-08-20 16:08:20", 
    "sensor": "DS18B20", 
    "unidades": "Centigrados", 
    "valor": 97, 
    "variable": "Temperatura"
  }, 
  {
    "fecha": "2019-08-21 16:14:16", 
    "sensor": "DS18B20", 
    "unidades": "Centigrados", 
    "valor": 97, 
    "variable": "Temperatura"
  }, 
  {
    "fecha": "2019-08-21 16:23:18", 
    "sensor": "DS18B20", 
    "unidades": "Centigrados", 
    "valor": 97, 
    "variable": "Temperatura"
  }, 
  {
    "fecha": "2019-08-21 16:26:18", 
    "sensor": "DS18B20", 
    "unidades": "Centigrados", 
    "valor": 96, 
    "variable": "Temperatura"
  }
]
